"Txhash","Blockno","UnixTimestamp","DateTime","From","To","Token_ID"
"0x9b8c526f75d610233cca287520dd6e006a5eef84d2fc7db97267c1fec5460384","12137334","1617063213","2021-03-30 00:13:33","0x0000000000000000000000000000000000000000","0xeea21a45e64314b7e948739075f27508179a2ec3","4762"
"0x774a653c2465750f04e3c80daac6f7f076a918c504d815a59f8aa0c00a6dd580","12137356","1617063383","2021-03-30 00:16:23","0x50381e2e6e370c43411b14b823d9ce818009d6aa","0x7543cdae044decdb07b5ccd67f2704f783daf8ca","1073"
"0xd801542cfadb65c0560037d0f358be0d90509db7f83b1c266f899af65881ef6f","12137360","1617063405","2021-03-30 00:16:45","0xf9bffc50e6dea6dc06433d5325b1906de0e7938f","0xdf3c160116e1cf9ba92b9c4b9329755cf0d4fd20","3602"
"0xc07180453b3ffd839fb27468281a1684f308eda30dfd0414b5da3aa5cb30ea66","12137370","1617063509","2021-03-30 00:18:29","0x0000000000000000000000000000000000000000","0x6c32378de867060f4e8a018be3e5baea717c76fc","4763"
"0xe04ed871253ad49c656ba6a5bd56b88fdc96b41889c4801d9200abb6a0a88563","12137443","1617064437","2021-03-30 00:33:57","0x0000000000000000000000000000000000000000","0x28f26718a83b6ce3d1d24a787d83c7164231afd9","4764"
"0xf8b08ee409a1e574b2783491aa060650986ba16e4bf8edd4b07846c0da63ab61","12137450","1617064542","2021-03-30 00:35:42","0x0000000000000000000000000000000000000000","0xf7984f332a939a277b6d4c78c7afca7c8cb7ec60","4765"
"0xfd6e31706ac65b0939cc10997ea413250f270522c7ad0fb2787c9cb74659b454","12137492","1617065192","2021-03-30 00:46:32","0x0000000000000000000000000000000000000000","0xf395a343e9627e02669ff250ef3115625acbe58b","4766"
"0x755fc8749945953090b3e651c38816c5182dc5188988b280be22f3cc67989c27","12137549","1617065823","2021-03-30 00:57:03","0x83e491a2c473c4aea1610a40cadc3772f71e460e","0xc7e8f9537e515df4b7c1fd6ac3283fa642cdec51","1870"
"0x2e0abad36811066c8b8030e87f31dbd933ca0cf0f6aac1270e5440c64c95291b","12137674","1617067538","2021-03-30 01:25:38","0x0000000000000000000000000000000000000000","0x306105b952e4143944754b630325144185c9b595","4767"
"0x06e0809860ebca4880201a61c4d1058342a79b4fbcddac73144512a63efcc9e8","12137719","1617068288","2021-03-30 01:38:08","0x0000000000000000000000000000000000000000","0xfe14c5409e7e95cf022f81027c120f2c3c0acf8e","4768"
"0x30331f373aaef3ce75be88e142a0933136cf85baebd7df08696856f9c9ce54e4","12137792","1617069283","2021-03-30 01:54:43","0x0000000000000000000000000000000000000000","0xb9433fd97274c124fff197f78e1c8b0299b3dd9f","4769"
"0x7a622c649acc31d42800c87b8e35dcd70ce735305994535db3ae4f35831292b3","12137795","1617069315","2021-03-30 01:55:15","0x0000000000000000000000000000000000000000","0xf7984f332a939a277b6d4c78c7afca7c8cb7ec60","4770"
"0x4d47d5c561deff0d8fe6ce68f20d6ddbb811d1c60116aaf695ef7d4a196942cc","12137799","1617069385","2021-03-30 01:56:25","0x0000000000000000000000000000000000000000","0xf72ebb1d791d3584b0a07276636db363289cef4e","4771"
"0x3a01cb2f5fade83f7781c18d4c6d7646bf18cac21927638b32b4c881242ed0d3","12137876","1617070626","2021-03-30 02:17:06","0xd4ac262d5e38b720711419b4aebf3c34da7c5f40","0xf213f4cdc8700770141775a35bd896c66df34c48","436"
"0x513efe1b1a5cd4d3c8ce1f1dda8ee4e1877a141def932609225eecb49c8bf898","12137883","1617070763","2021-03-30 02:19:23","0x023ef73d4c6de80dd3e52b8aae579b8f0e5cbeb4","0xf213f4cdc8700770141775a35bd896c66df34c48","511"
"0x5a1d934b6f5f4ed9ff5f71b6bf45648d73b7b3b2c2693456bff1cd756fb145bb","12137892","1617070929","2021-03-30 02:22:09","0x0000000000000000000000000000000000000000","0xc823b9d8864c358ae34e258a4f673e645e1b0a78","4772"
"0x77c2ec38c3ec7b23fb93adcc984625ec5100940f367ea9cd5e0bb828d6f8a221","12137934","1617071471","2021-03-30 02:31:11","0x0000000000000000000000000000000000000000","0x318341145ce42df7d1cfb26dc31bd7939adb04a8","4773"
"0x28c0252ef2ad478f168c9b7a88525a3745a5a3a9861d665453ec4a6771488241","12137972","1617072009","2021-03-30 02:40:09","0x05227e4fa98a6415ef1927e902dc781aa7ed518a","0xf7b18e107eb36797f4ce36de756630b9c30969ad","3512"
"0xbb22c76e597a534891588a9acb81c24bdcf97f52b3fa9fc8e5d30904d08de35a","12137993","1617072314","2021-03-30 02:45:14","0x2b3ae0ce46154dfb3c77973c2727d157cc7ee1fb","0xf7b18e107eb36797f4ce36de756630b9c30969ad","3093"
"0x97967243bf710ca5ce48f10843c5c57e1e76b0bd75eba9569738f00646d88e84","12137996","1617072474","2021-03-30 02:47:54","0x0000000000000000000000000000000000000000","0x3afb39cc70d07735be24aedcd55774edf54070f6","4774"
"0xec141c41545591e6d5dac57dc87e1ba0d375aac4990133e20b922008a14229ce","12138001","1617072545","2021-03-30 02:49:05","0x0000000000000000000000000000000000000000","0xf7984f332a939a277b6d4c78c7afca7c8cb7ec60","4775"
"0x4b93103b4b846c973f79e4235f166a656ca19878aacce2bcc96b3857d83cbc70","12138008","1617072710","2021-03-30 02:51:50","0x0000000000000000000000000000000000000000","0x1a072a0ae89e8c4565c31083c6b2e8a2ee58c3fc","4776"
"0xe146f96667ea8f063ee83cd67a228b48c6651a657e861bccc6b0849c4dfca285","12138014","1617072824","2021-03-30 02:53:44","0x05227e4fa98a6415ef1927e902dc781aa7ed518a","0x73deaeb8aa241b6fcdb992060ae43193cccbf638","3522"
"0x97273fecb45fa9cdd0955871f6164fa041d78f74fbb4c713a561b66256503ea1","12138014","1617072824","2021-03-30 02:53:44","0x05227e4fa98a6415ef1927e902dc781aa7ed518a","0x73deaeb8aa241b6fcdb992060ae43193cccbf638","3511"
"0x8f4a43b8273ff341ad02b9a2afe494004a98d1b71c2d005f233403cfbc198442","12138014","1617072824","2021-03-30 02:53:44","0x05227e4fa98a6415ef1927e902dc781aa7ed518a","0x73deaeb8aa241b6fcdb992060ae43193cccbf638","3521"
"0x833bfc35ca92ffb872caa8d86aea9db4c819f243cc09a727572dbbac1752b50b","12138014","1617072824","2021-03-30 02:53:44","0x2b3ae0ce46154dfb3c77973c2727d157cc7ee1fb","0x73deaeb8aa241b6fcdb992060ae43193cccbf638","3095"
"0x01ca8e7223cac4e390fe1fa75b759efb4ccafef39e989d48282eadf9f9117b21","12138020","1617072876","2021-03-30 02:54:36","0x2b3ae0ce46154dfb3c77973c2727d157cc7ee1fb","0x73deaeb8aa241b6fcdb992060ae43193cccbf638","3098"
"0x1c60073c52dc758343ea5453fdaf60535c975c4bd2042ff0e0baa9213f4d2fdb","12138025","1617072922","2021-03-30 02:55:22","0x2b3ae0ce46154dfb3c77973c2727d157cc7ee1fb","0x73deaeb8aa241b6fcdb992060ae43193cccbf638","3094"
"0xfc991c13a2efd78dcd7a51670730978862670d1a187f103c8a00eaf3d99bf390","12138025","1617072922","2021-03-30 02:55:22","0x2b3ae0ce46154dfb3c77973c2727d157cc7ee1fb","0xf7b18e107eb36797f4ce36de756630b9c30969ad","3092"
"0x80cf19b0cd762d3bfcd8e1ac410e008fe1962269b01483b5f1db6df3c8e78f9f","12138025","1617072922","2021-03-30 02:55:22","0x2b3ae0ce46154dfb3c77973c2727d157cc7ee1fb","0xf7b18e107eb36797f4ce36de756630b9c30969ad","3101"
"0x2e2bcf0c414e32628c2156c48f10ffca848c498d54102d6c764d251f09a7fa93","12138030","1617072990","2021-03-30 02:56:30","0x2b3ae0ce46154dfb3c77973c2727d157cc7ee1fb","0xb9433fd97274c124fff197f78e1c8b0299b3dd9f","3105"
"0x0a4ca646ae1da16cecdc29fd001db8865828a9ea1bb66be399f5db4ef0161b45","12138077","1617073535","2021-03-30 03:05:35","0x0000000000000000000000000000000000000000","0x3afb39cc70d07735be24aedcd55774edf54070f6","4777"
"0xbe35cff2e62e10d68f773bd55a787c5d6371f88e49cf7fb755dc799fa5424fe9","12138148","1617074459","2021-03-30 03:20:59","0x2b5452181ea578b27afb685a10ec0532ae88ec12","0xf7b18e107eb36797f4ce36de756630b9c30969ad","544"
"0xa41b4e194b67afadafbc77ed45f27c4fdd4f1c5f7f17c493ae47dc11827ecea9","12138164","1617074620","2021-03-30 03:23:40","0x1f5a399f4a01b7b93f58a638fb7f8e4d7dab4332","0xf7b18e107eb36797f4ce36de756630b9c30969ad","484"
"0x7642c1d7b131a29c1a407d8906515cc36574128be6fce6579ebf2eed1fee085d","12138174","1617074811","2021-03-30 03:26:51","0x2b3ae0ce46154dfb3c77973c2727d157cc7ee1fb","0xf7b18e107eb36797f4ce36de756630b9c30969ad","3106"
"0xf6f7aaef9d9de233f4dfe42430de31ed1244d175c336f3867a1ed79195a20243","12138253","1617075827","2021-03-30 03:43:47","0x0f3f647e19ddf45d1a963527db2af07c8175db20","0xeafcb1c8a418c4ce818672fc941e5bc5af42a45a","448"
"0xeae23facd567db1e9623d4b5df279e3316396c3692dc8ce2be51141f66ce347b","12138266","1617075967","2021-03-30 03:46:07","0x0000000000000000000000000000000000000000","0xa5595c67230cd91b5de8f01a969c05cbf4ca02f9","4778"
"0x9de1dcf7c1612af493b8d254b9af94832c71ac084767a8902922c20e39f6e37d","12138268","1617076026","2021-03-30 03:47:06","0xeafcb1c8a418c4ce818672fc941e5bc5af42a45a","0x2b5452181ea578b27afb685a10ec0532ae88ec12","448"
"0x6185867ef210ef196f078b224d75e49349620d7315ec9a37dd067bca15cb3698","12138269","1617076030","2021-03-30 03:47:10","0x0000000000000000000000000000000000000000","0xd2c66f4aa7392d83a6c571a2d395143cc7f3b67f","4779"
"0x6185867ef210ef196f078b224d75e49349620d7315ec9a37dd067bca15cb3698","12138269","1617076030","2021-03-30 03:47:10","0x0000000000000000000000000000000000000000","0xd2c66f4aa7392d83a6c571a2d395143cc7f3b67f","4780"
"0x6185867ef210ef196f078b224d75e49349620d7315ec9a37dd067bca15cb3698","12138269","1617076030","2021-03-30 03:47:10","0x0000000000000000000000000000000000000000","0xd2c66f4aa7392d83a6c571a2d395143cc7f3b67f","4781"
"0x6185867ef210ef196f078b224d75e49349620d7315ec9a37dd067bca15cb3698","12138269","1617076030","2021-03-30 03:47:10","0x0000000000000000000000000000000000000000","0xd2c66f4aa7392d83a6c571a2d395143cc7f3b67f","4782"
"0xd000783b85b11d0cfe01735617a919a324be29c894a3f15dd2d91bf1f67ae54d","12138373","1617077301","2021-03-30 04:08:21","0x0000000000000000000000000000000000000000","0xa4317ab9d7df7453d8e0853415e04f7e3a78f78f","4783"
"0x2b7a76f1f3a27e13a3dc1ededc97ae70523782a64fef8e6d7a3697abe7008f9f","12138420","1617077846","2021-03-30 04:17:26","0x05227e4fa98a6415ef1927e902dc781aa7ed518a","0xeafcb1c8a418c4ce818672fc941e5bc5af42a45a","3519"
"0x40ea80f8c73f3676899ec26bbfebccf4aad260fa6b2fec29288586514c3a6995","12138420","1617077846","2021-03-30 04:17:26","0x2b3ae0ce46154dfb3c77973c2727d157cc7ee1fb","0xeafcb1c8a418c4ce818672fc941e5bc5af42a45a","3096"
"0x486929a5d22b1392bdf197fb180271af9f53c12874d54ea823975e8d6b948284","12138458","1617078372","2021-03-30 04:26:12","0x50381e2e6e370c43411b14b823d9ce818009d6aa","0xeafcb1c8a418c4ce818672fc941e5bc5af42a45a","1074"
"0x4eca13fcd28b5628976667b9ed9d7aae62d94a5b637037d965273c9044b7c251","12138576","1617080010","2021-03-30 04:53:30","0x0000000000000000000000000000000000000000","0x779017d25bae7a53a6f2dbdedb342d1cd9b522ab","4784"
"0x4eca13fcd28b5628976667b9ed9d7aae62d94a5b637037d965273c9044b7c251","12138576","1617080010","2021-03-30 04:53:30","0x0000000000000000000000000000000000000000","0x779017d25bae7a53a6f2dbdedb342d1cd9b522ab","4785"
"0xe9eb17df451d08607cd13975b7ab43ecf03f7785e30b2fe4eb49e10cdea9ce8e","12138767","1617082527","2021-03-30 05:35:27","0x0000000000000000000000000000000000000000","0x7d17b60589c32a7826e5b9eaef987ae7cfbe6f02","4786"
"0xac41820dd509698bbda22ec5d15b228823fc5c34ebafc1c557c6421b35de24fa","12138942","1617084684","2021-03-30 06:11:24","0x0000000000000000000000000000000000000000","0xfe6a04b910ed211e192c001f8d6f7e713aff4c63","4787"
"0x120dae442fce47443042c5c6fd302461688fbf982ec734a7e2dbc06e559daf90","12139275","1617089123","2021-03-30 07:25:23","0x0000000000000000000000000000000000000000","0x97c0dbcb62f0579b34d2223e1b22a029f352513d","4788"
"0x5ab89f38813360df16d917d1f566bfeefb23cb03dd7bf17644ef0efff9351170","12139327","1617089935","2021-03-30 07:38:55","0x0000000000000000000000000000000000000000","0x51fb29d847423131f4e6fe673716d29e6bd9f6d2","4789"
"0xe6c35ad042c4662406cfc3fdb2c3ca38c0cb033b2ba10e52d6eda500cf4e3f9e","12139395","1617090904","2021-03-30 07:55:04","0x0000000000000000000000000000000000000000","0x024f36b02608a5129c61f8df54dc7286f9113dee","4790"
"0x0ccf1bb539de31184115ac7287b7814c8a71f6a4447e1b3a2d626cb14c399a40","12139574","1617093114","2021-03-30 08:31:54","0x0000000000000000000000000000000000000000","0x5b056ec826e2ed1cf97a3721d622bff8546a0744","4791"
"0x37d03b4030c227c2ffd4a83dd394b6d7d107404f746f3b17c274b90fae68ab86","12140206","1617101840","2021-03-30 10:57:20","0xbd6c4afc2c60ee46c0b0c7bff6bb3a2bc3d36c50","0xafd07301d807cd091f33614ea24a798e64b9c561","2097"
"0x03954ecbe4098a9f96b66c952683cee3ed74a5b0edfd5e06186c780e96b191cf","12140394","1617104375","2021-03-30 11:39:35","0x0000000000000000000000000000000000000000","0xe0cbd6d4dc9d0f0a172e955416a004162bb0d209","4792"
"0x4709fa6e3c1ed582818ba6119c586d8d778cf6a6213678e48361d1224ee406e5","12140432","1617104911","2021-03-30 11:48:31","0x0000000000000000000000000000000000000000","0x8534aceb87ecc0f819266037ab87bfc52603d759","4793"
"0x97527b739d0059f259a43b0dbbd80f203993a7298a1fa5d1f1414801e3831621","12141142","1617114227","2021-03-30 14:23:47","0x0000000000000000000000000000000000000000","0x70ba719600d51215d3c2b14dcfa986b557a39b96","4794"
"0xd303ef9ff7974a11ab042817e258f43073cf2c96b70ec4ebdd3824e13fc3f696","12141153","1617114352","2021-03-30 14:25:52","0x6fcade9de3ab9a1e57eab1684cf30e2ceba234fb","0x0c8c697919783f01db954adf17fc96e683595ab3","3116"
"0x2055132665692845af7de0d691ce86863f06d5b222866c57e89b42e69b458b09","12141182","1617114739","2021-03-30 14:32:19","0x0000000000000000000000000000000000000000","0xd2c66f4aa7392d83a6c571a2d395143cc7f3b67f","4795"
"0xe6b4c1dde66e591726b444b56adfcd3e97de212566bedaabb29eee38be741bbc","12141249","1617115612","2021-03-30 14:46:52","0x0000000000000000000000000000000000000000","0xb39cc120ac8943ff101752ad148bd4cb1173a819","4796"
"0x3f5d7f9822b8a13ddbcee36c7cf7d1168bdfbac944fb6035687a3a9493b7f776","12141713","1617122563","2021-03-30 16:42:43","0x0000000000000000000000000000000000000000","0x8c794d7345a81e1c9ef45bbb794579beb3555613","4797"
"0xb52a004f97ec6e97661b27a7170647236bbf131a876172ddbb6a9638fb9f6f83","12141786","1617123392","2021-03-30 16:56:32","0x0000000000000000000000000000000000000000","0x5870e421b65b30d23202ee7d5729d65bac344089","4798"
"0x4bdbfdaa71888b16ae6da7f9c76ffe71dba4fea3fa4305ae2494053be546c001","12141990","1617125763","2021-03-30 17:36:03","0x0000000000000000000000000000000000000000","0x3c54d7ad763286f4126d442c2be99d9d14d09efb","4799"
"0x4bdbfdaa71888b16ae6da7f9c76ffe71dba4fea3fa4305ae2494053be546c001","12141990","1617125763","2021-03-30 17:36:03","0x0000000000000000000000000000000000000000","0x3c54d7ad763286f4126d442c2be99d9d14d09efb","4800"
"0x50caccbe803f2c529f23920e2a0db906ab4786259a20df17e587600660a54ea7","12142295","1617129713","2021-03-30 18:41:53","0x0000000000000000000000000000000000000000","0x74cd7ec54698e0a008c00ff750b479c298c36dd3","4801"
"0xd55ae6687d4ac040709c0a7be529cde45b98421d3311b86e8a353989eb886b74","12142347","1617130397","2021-03-30 18:53:17","0x0000000000000000000000000000000000000000","0xbf0850570757fbd3578be46e632aa96a874ba1bd","4802"
"0xd55ae6687d4ac040709c0a7be529cde45b98421d3311b86e8a353989eb886b74","12142347","1617130397","2021-03-30 18:53:17","0x0000000000000000000000000000000000000000","0xbf0850570757fbd3578be46e632aa96a874ba1bd","4803"
"0xd55ae6687d4ac040709c0a7be529cde45b98421d3311b86e8a353989eb886b74","12142347","1617130397","2021-03-30 18:53:17","0x0000000000000000000000000000000000000000","0xbf0850570757fbd3578be46e632aa96a874ba1bd","4804"
"0xd55ae6687d4ac040709c0a7be529cde45b98421d3311b86e8a353989eb886b74","12142347","1617130397","2021-03-30 18:53:17","0x0000000000000000000000000000000000000000","0xbf0850570757fbd3578be46e632aa96a874ba1bd","4805"
"0xd55ae6687d4ac040709c0a7be529cde45b98421d3311b86e8a353989eb886b74","12142347","1617130397","2021-03-30 18:53:17","0x0000000000000000000000000000000000000000","0xbf0850570757fbd3578be46e632aa96a874ba1bd","4806"
"0xd55ae6687d4ac040709c0a7be529cde45b98421d3311b86e8a353989eb886b74","12142347","1617130397","2021-03-30 18:53:17","0x0000000000000000000000000000000000000000","0xbf0850570757fbd3578be46e632aa96a874ba1bd","4807"
"0xf1447314d55581d9cc3e95f3eee0d2a3501b1681421b2788cc9f305b16f40a5e","12142856","1617136649","2021-03-30 20:37:29","0x0000000000000000000000000000000000000000","0xeae7a6da893cf56e50837278a03317dd3fb720f1","4808"
"0xaf4ce79b39b0fcb11cae5559f07a26b30d7d490e8faea7de5118eb7dde107d83","12142862","1617136683","2021-03-30 20:38:03","0x1540f6fa70c04e5a5dac6a134d9dd03abd301b1a","0x7ac34681f6aaeb691e150c43ee494177c0e2c183","499"
"0xc37e5237cbb8b8c0ab29fe712f250e225df62feaf64687f9e6375134d5e12d7f","12142933","1617137549","2021-03-30 20:52:29","0xbd6c4afc2c60ee46c0b0c7bff6bb3a2bc3d36c50","0x7530566d47eadab0bb93d560b9c80fc350871d46","2096"
"0x99ca43cfdb8f73cb7a6b7a88b7a00d8b89b777e594ec158607c08adf29f96934","12143350","1617142868","2021-03-30 22:21:08","0x0000000000000000000000000000000000000000","0x5dcf1553517d5fcaed41569c2e5d7a334095e608","4809"
"0x99ca43cfdb8f73cb7a6b7a88b7a00d8b89b777e594ec158607c08adf29f96934","12143350","1617142868","2021-03-30 22:21:08","0x0000000000000000000000000000000000000000","0x5dcf1553517d5fcaed41569c2e5d7a334095e608","4810"
"0x6519eabfb3f28975045ec39dbd72dca23483a4fafdb5cd8746d5a8fb2098623a","12143459","1617144497","2021-03-30 22:48:17","0x7ac34681f6aaeb691e150c43ee494177c0e2c183","0xf6f222fa7526bce93153ecd0f193995352337d37","3578"
"0x8c546d1f658bf4d1ca896b72dcc9bace68579c3a378bfeb14e187ce8e517f4d7","12143498","1617145099","2021-03-30 22:58:19","0xe36230acfb2b70f3925c404f613bbf84c7a4854b","0xf6f222fa7526bce93153ecd0f193995352337d37","4128"
"0x017c440bf8b7ab78fdd7eb7b4a44178fb817ee960f04d0c526fb17ca06076420","12143656","1617147100","2021-03-30 23:31:40","0x0000000000000000000000000000000000000000","0x5557ac5247b8278701d1b5ce55255d9aca40e857","4811"
"0xed86fcc1b7b0b88cdcd508d7a823afcfc79ad558052c328486c0e9b4e9ccc1cb","12143722","1617147933","2021-03-30 23:45:33","0xe36230acfb2b70f3925c404f613bbf84c7a4854b","0xdeed78eea3999c5f2ac2f344de9f459a2f0b10c2","4130"
"0x1d01f0674eedbcf888e5f0b6d02b7b4235b5e27f52da93b46b58663fed6031de","12143753","1617148263","2021-03-30 23:51:03","0xe36230acfb2b70f3925c404f613bbf84c7a4854b","0xdeed78eea3999c5f2ac2f344de9f459a2f0b10c2","4129"
"0x979d34ea8967605620ef0aff5cd7779db8e8d87a91e85fb131b7b380bf35af05","12144215","1617154916","2021-03-31 01:41:56","0x0000000000000000000000000000000000000000","0x6f65c1900dcabbc789b0af0bf8616d42293ed943","4812"
"0xc9018511528b1e330e8211305d089544d75666367883145f81a01290da1a365a","12144326","1617156357","2021-03-31 02:05:57","0x0000000000000000000000000000000000000000","0x6f65c1900dcabbc789b0af0bf8616d42293ed943","642"
"0x77dd2b2fee05a03c779b6d0fa05fb9512631dc300aa2f3d9a9c52b8b4f435381","12144649","1617160538","2021-03-31 03:15:38","0x0000000000000000000000000000000000000000","0x6f65c1900dcabbc789b0af0bf8616d42293ed943","4813"
"0xd6c13e73c806b1ca6a764517be53702f66f4c8d481a3f9ac3c4ea593de510d00","12144656","1617160628","2021-03-31 03:17:08","0x0000000000000000000000000000000000000000","0x6f65c1900dcabbc789b0af0bf8616d42293ed943","643"
"0x03e5c2fdcbf1cb7c18770e6c0312b153e680ae371e328985473761849f23066b","12144720","1617161465","2021-03-31 03:31:05","0x0000000000000000000000000000000000000000","0x9930eda98d5b95d3b3a48c3032460375a5a7b506","4814"
"0x2de614311cbae28cad56630515ef2bb31e2f36964fa999f957f8f0773873ba0c","12144722","1617161499","2021-03-31 03:31:39","0x0000000000000000000000000000000000000000","0xee2d3550b1d64c45a91baffaface0f59ea8155f4","4815"
"0xc2ac1a8eaa0b849891927a859a0476dead0d62884a9fbc5a2f46e28b66e4b779","12144728","1617161650","2021-03-31 03:34:10","0x0000000000000000000000000000000000000000","0xd2c66f4aa7392d83a6c571a2d395143cc7f3b67f","4816"
"0xc7cc93e128f56a46805fda503a678835d9a76a2595576a0ffc9b7936d424f932","12144739","1617161767","2021-03-31 03:36:07","0x6cf0d4889bda092810b64a3d00741c0dbfdea75e","0x3c54d7ad763286f4126d442c2be99d9d14d09efb","196"
"0x18c61119014ebb9b88e821ea5c741198f851f2cf6d94fb6764524d6d48e86ebb","12144855","1617163399","2021-03-31 04:03:19","0xe36230acfb2b70f3925c404f613bbf84c7a4854b","0xda9f376ad0bf385f635edd824afc601dd1fd8a7e","3606"
"0xc9c3414ef7d2d3520f89a7abd353550b96b3780bdc7264e536538bb8fc2f7fa7","12144866","1617163510","2021-03-31 04:05:10","0xe36230acfb2b70f3925c404f613bbf84c7a4854b","0xda9f376ad0bf385f635edd824afc601dd1fd8a7e","3832"
"0xfd899d137ba0e3efc7596ce93635cad1378093a53e40531246d3e8cfc7e631af","12145061","1617166022","2021-03-31 04:47:02","0x6fcade9de3ab9a1e57eab1684cf30e2ceba234fb","0x4a7998df2cd16815271bb6b7d3ae7eb30f50a73a","3111"
"0xdf30d959521dd50efe347d830e6f13c96e3ae4fb151c37390dc0338edabce0c4","12145199","1617167842","2021-03-31 05:17:22","0x0000000000000000000000000000000000000000","0xc809bb194359f8e1894d7144bea4610f50e6f6c6","4817"
"0x5ee55b9a9de91c7dd8eea4b337d31ae5f0b0dc24bf21a62f1ebd5a1fe2ce591a","12145980","1617178386","2021-03-31 08:13:06","0x0000000000000000000000000000000000000000","0x6e6641923fe552933da54af7b03a02ebbdcc36d1","4818"
"0xc9dd390e8b7d1e47cc5c3818d0cfa394b85706cd323e472a2333d88133be4178","12145980","1617178386","2021-03-31 08:13:06","0x0000000000000000000000000000000000000000","0x6641f026da7cc01ce6ff5a55355f64f6345aa499","4819"
"0x08968fc3def8babad70e6e7545a6e2278f67543c20722c8c2ff322a25d6ddd7f","12145981","1617178387","2021-03-31 08:13:07","0x0000000000000000000000000000000000000000","0x4d3956579e1cea31b774eb85bfc98f6ea35ca288","4820"
"0x1208764d450b67e1d600d58a20b319b88eef677e5fb19c4bda78ce7ba0c1df7f","12146130","1617180452","2021-03-31 08:47:32","0xf5ba9563e850e905e91f7c9008dbbf89982cfa4a","0x150dfabedc1afafd8f7b3886269b5791db08ad9a","4433"
"0xaf8991844a4a7edc3f460358b55b120ef316452b8032905ef2fd0e13c69052b0","12146242","1617181861","2021-03-31 09:11:01","0xbd6c4afc2c60ee46c0b0c7bff6bb3a2bc3d36c50","0x0e5c2dacc88ed4c42d4d6c35d0b2a38be5ed293c","2095"
"0xf3fa533054a7e00a2780757039ef1c708b594a12a4ff281712453ae9a38606ae","12146640","1617187724","2021-03-31 10:48:44","0x202eca424a8db90924a4daa3e6bcecd9311f668e","0x60ede6d14a3965fd580fd45a035d40499b5e7d91","2831"
"0x42a723f45d3eb45031f776f0b2675a6fbaba67946edac54fbd3899b3edfaa09c","12146652","1617187856","2021-03-31 10:50:56","0x202eca424a8db90924a4daa3e6bcecd9311f668e","0x60ede6d14a3965fd580fd45a035d40499b5e7d91","2830"
"0xf5c43b4993cdff6be16c05b7c8b9dd1e8830dff6b51d9f3b96b7091c5adf50e6","12146869","1617190554","2021-03-31 11:35:54","0x0000000000000000000000000000000000000000","0x7fed55561afd4760b0bd7edc5e0312ae6c1aac98","4821"
"0x7e798de65f5b4b4b37208251520692d06d8a837235ea8d91fef9babfec17e861","12147153","1617194364","2021-03-31 12:39:24","0x0000000000000000000000000000000000000000","0x740922622811a8fc1a5af687aefe6d5bbc460be1","4822"
"0x983d79d88793f58cf08d08f4dff2e44be7f7a3397dc9d0ca0a67b9bd44ce5981","12147292","1617196108","2021-03-31 13:08:28","0x14627e4b95d1e165480a6f23a3d712c46e9a2136","0xb6be4de7f37bae20085d830a28982be8ad19052b","435"
"0x7f91c82e59883703a815160c3cf0b8e68643071de6ae7827ab5b8e7e59eaef5b","12147547","1617199457","2021-03-31 14:04:17","0x0000000000000000000000000000000000000000","0x4a89032da0e69780dd11ea8997b758c7146343de","4823"
"0xc2684c424d2387b4a40a4216ce9740da14b724293bacd5167a071db6b767f47b","12148090","1617206826","2021-03-31 16:07:06","0x0000000000000000000000000000000000000000","0xe7451a7f1469129bb9adb4e2b36f817c69eb612f","4824"
"0x54dad3a2670c03efd1ce7ceeced7860f2f06f0da4136a6288e7f6f3bba50ba12","12148091","1617206847","2021-03-31 16:07:27","0x0000000000000000000000000000000000000000","0xfab1ed72a7236a6b34f47ee7ed103d6cd448c441","4825"
"0x34486d3e0afa371296f8158ac362e71ba7cf01770caa0ed424f2f04e2d420ecd","12148091","1617206847","2021-03-31 16:07:27","0x0000000000000000000000000000000000000000","0x4d3956579e1cea31b774eb85bfc98f6ea35ca288","4826"
"0x8cd1be36a29b5fcdc759c741cd48caffae7c616840cc061d0684589d7c8d6c30","12148152","1617207508","2021-03-31 16:18:28","0x0000000000000000000000000000000000000000","0x1dce0fd632b7b8e38bfd5c6308ca9109749be908","4827"
"0x261c7654343a4dfe016f517d1744a3facc30e39f9902f9743b19b88b612200e4","12148160","1617207643","2021-03-31 16:20:43","0x0000000000000000000000000000000000000000","0x001410235f1f3b2810d9a82b9064a09ae7edcd87","4828"
"0x261c7654343a4dfe016f517d1744a3facc30e39f9902f9743b19b88b612200e4","12148160","1617207643","2021-03-31 16:20:43","0x0000000000000000000000000000000000000000","0x001410235f1f3b2810d9a82b9064a09ae7edcd87","4829"
"0x261c7654343a4dfe016f517d1744a3facc30e39f9902f9743b19b88b612200e4","12148160","1617207643","2021-03-31 16:20:43","0x0000000000000000000000000000000000000000","0x001410235f1f3b2810d9a82b9064a09ae7edcd87","4830"
"0x261c7654343a4dfe016f517d1744a3facc30e39f9902f9743b19b88b612200e4","12148160","1617207643","2021-03-31 16:20:43","0x0000000000000000000000000000000000000000","0x001410235f1f3b2810d9a82b9064a09ae7edcd87","4831"
"0x261c7654343a4dfe016f517d1744a3facc30e39f9902f9743b19b88b612200e4","12148160","1617207643","2021-03-31 16:20:43","0x0000000000000000000000000000000000000000","0x001410235f1f3b2810d9a82b9064a09ae7edcd87","4832"
"0xd15babed8ab7e51a67c30b4b483616b980d1fe14b09bc8ddf2110681e8aaf4ff","12148355","1617210121","2021-03-31 17:02:01","0x202eca424a8db90924a4daa3e6bcecd9311f668e","0xe7451a7f1469129bb9adb4e2b36f817c69eb612f","2829"
"0xffae07f9524490a3fc2f1436315eeae99a6e798494ab0b183296f807b28bbf70","12148360","1617210194","2021-03-31 17:03:14","0x202eca424a8db90924a4daa3e6bcecd9311f668e","0xe7451a7f1469129bb9adb4e2b36f817c69eb612f","2832"
"0xd3bc2747485eb81757ecfed049f279642cd2db8dc52fa7181db3a58354e6fa76","12148445","1617211170","2021-03-31 17:19:30","0x4f58bc39476aa9e5be7127c9ea80a7da917578d9","0xe7451a7f1469129bb9adb4e2b36f817c69eb612f","178"
"0xad89738e7b479ce740efd3ca8e52b3284a075cefc8b62111977eddf9290e672d","12148547","1617212464","2021-03-31 17:41:04","0xc7391970d642faf65fabac8f63b0d41c4481d787","0xf213f4cdc8700770141775a35bd896c66df34c48","55"
"0xb2635fce7ac02b994efea16f5dd808e13e0d5cc8a3751fb81aa8bf37f8cc6d34","12149427","1617223809","2021-03-31 20:50:09","0x0000000000000000000000000000000000000000","0xeefbbd24efaa968504a677a29ef39b67117ecc3f","4833"
"0x22b4acf2b909108a84a6eba4eef9f80ff3fff1dbf26d03775cd025d1931cdb1a","12149582","1617226118","2021-03-31 21:28:38","0x024bcbcaad82e67f721799e259ca60bc7d363419","0xdeed78eea3999c5f2ac2f344de9f459a2f0b10c2","2811"
"0xe83259d04c321ede5c400ade9d96312a55386117dc3fd0d94d57c772c37797eb","12149675","1617227311","2021-03-31 21:48:31","0x0000000000000000000000000000000000000000","0x423a5635ed36eb13e8cb4522b188645e31b18270","644"
"0xc98243e3cde855e9feaf26cdb4da70bd2c7d963140c865d0087c88b61024eea9","12149686","1617227452","2021-03-31 21:50:52","0xa122355892040d2cf7bb3723fc97335377aedb1f","0x2e7698859a96de0dd240aa96ac6d47f90752b530","3394"
"0x2864639c09f0ac6c8112396a8769d6a202d71fb8279cc202086347f3b3b0bcbd","12149711","1617227757","2021-03-31 21:55:57","0xe36230acfb2b70f3925c404f613bbf84c7a4854b","0xf22f00d0b95b1b728078066e5f4410f6b2be8fae","434"
"0x6c7bdc5feb517391311b400919035013831ced2e4a74f0ce5f3876901ae0e84c","12149732","1617228071","2021-03-31 22:01:11","0x96ee4c272b6f8268b4fef70bb2983e4c6ea8df25","0xdeed78eea3999c5f2ac2f344de9f459a2f0b10c2","1627"
"0xda568959adfb2d1a1d7605ffac91e3a248c2552e35408b51bd2bd712fb0030f5","12149789","1617228744","2021-03-31 22:12:24","0x96ee4c272b6f8268b4fef70bb2983e4c6ea8df25","0xdeed78eea3999c5f2ac2f344de9f459a2f0b10c2","1630"
"0x4f9293d97cdc7082ce1d173a1b5b2ed7a93d27dd39efb40e494ed5ee46bd4255","12149846","1617229508","2021-03-31 22:25:08","0x4bc3b16d381b60caa4b77e9a3cdd6e24da2d35ae","0xdeed78eea3999c5f2ac2f344de9f459a2f0b10c2","2356"
"0x700f045d3343b4bcd95fc8f765d41e04f6a28e01910691ada7ce70acc5961908","12149847","1617229526","2021-03-31 22:25:26","0x2b3ae0ce46154dfb3c77973c2727d157cc7ee1fb","0x39eae7eb5fe8fbf22d00a9f440cf16a0990197ea","3109"
"0x35198e2d37eab177404527d0e95a4a28a7ddd34dbe352e8823f062ebf7db71d1","12149864","1617229742","2021-03-31 22:29:02","0x2b3ae0ce46154dfb3c77973c2727d157cc7ee1fb","0x487ee33b7243a51e7091103dc079c1f5eed7518d","3110"
"0x22809f0a82c47f0e241838ef920cbc9ce67d6237baa98928154e0a0a434214c5","12150119","1617233283","2021-03-31 23:28:03","0x2b3ae0ce46154dfb3c77973c2727d157cc7ee1fb","0x39eae7eb5fe8fbf22d00a9f440cf16a0990197ea","3107"
"0x00ae3a12bc94c25939d7153aca764b3ad14cf372223bed4f34a567f2bddffc6f","12150305","1617236070","2021-04-01 00:14:30","0x0000000000000000000000000000000000000000","0xbaea104e6a3691bb1279d50faae8f4ce8d544fac","4834"
"0xbcc34f1998f0ba39f2514d14faf1448ab87655a1486a8af122d560858853fbd7","12150307","1617236092","2021-04-01 00:14:52","0x0000000000000000000000000000000000000000","0xfab1ed72a7236a6b34f47ee7ed103d6cd448c441","4835"
"0xd3d6e51c6fb3fc277d1fce2913fdc2c237b471721e0075f6d82f6ec9994e6ea5","12150307","1617236092","2021-04-01 00:14:52","0x0000000000000000000000000000000000000000","0x4d3956579e1cea31b774eb85bfc98f6ea35ca288","4836"
"0xc6558bf1b6fee6ed3397d6338f8b726ab817f341e832362b53f11e3b830fef67","12150318","1617236283","2021-04-01 00:18:03","0x0000000000000000000000000000000000000000","0x4d3956579e1cea31b774eb85bfc98f6ea35ca288","4837"
"0x24704a7eea8faf18a2d10e7eabb70a8142cce7ac4b207170f51e1fe22f59ee58","12150851","1617243087","2021-04-01 02:11:27","0x2b3ae0ce46154dfb3c77973c2727d157cc7ee1fb","0x44b246aa370c6eb3df78943ccb586c99067960a0","3097"
"0x7fb9954a3d732c78383c740d849cf378dab08e3c983039bfa9b336e24068e917","12151731","1617254789","2021-04-01 05:26:29","0x2b3ae0ce46154dfb3c77973c2727d157cc7ee1fb","0x150dfabedc1afafd8f7b3886269b5791db08ad9a","3099"
"0xb34c1cf76a43fd2dcb6a7298f6666323fc3024c5d127825d2cfd3c2f8ee28f1c","12151908","1617257181","2021-04-01 06:06:21","0x2b3ae0ce46154dfb3c77973c2727d157cc7ee1fb","0x1dce0fd632b7b8e38bfd5c6308ca9109749be908","3100"
"0xb013012c2796dd6011dfd3d1e353dd8a67a543ff8ddb5199f025d115a03bde71","12152679","1617267706","2021-04-01 09:01:46","0xaf93fcce0548d3124a5fc3045adaf1dde4e8bf7e","0xbfaa874ccd0297ab6c7603b44586381e158797c9","3057"
"0xba211ea46445b99f0ae827a55bf05f4ed7cfe6397207c9de5100f4fcaad3691b","12152729","1617268497","2021-04-01 09:14:57","0xbfaa874ccd0297ab6c7603b44586381e158797c9","0xaf93fcce0548d3124a5fc3045adaf1dde4e8bf7e","3057"
"0x112497de98e62af97cbf96ab35b559e49fe5ad2c38f6fa52bb982466b3e591e8","12152744","1617268656","2021-04-01 09:17:36","0xaf93fcce0548d3124a5fc3045adaf1dde4e8bf7e","0xbfaa874ccd0297ab6c7603b44586381e158797c9","3042"
"0x263f7fe2dfa439b74ac2363d278773ab753899f343ba8e97ee88b0935bd11133","12152882","1617270271","2021-04-01 09:44:31","0xe059ad7ac66708fe046881d9f3b09eadbad7e5f3","0xf586d4a5bc61f22bec3793867a5785a13ca0cd93","1114"
"0xdff843f2d043b2be25becf1887050ced66b6b8bbcd661b624c481d7b11174851","12153770","1617282502","2021-04-01 13:08:22","0x0000000000000000000000000000000000000000","0x78cf4c55b24556d856645ebe1a3632f6ea4b60da","4838"
"0xdff843f2d043b2be25becf1887050ced66b6b8bbcd661b624c481d7b11174851","12153770","1617282502","2021-04-01 13:08:22","0x0000000000000000000000000000000000000000","0x78cf4c55b24556d856645ebe1a3632f6ea4b60da","4839"
"0x02991084837d2ceb2e998354ec67a3598e4ea34f0daadc572b1fd0f8e9e32b70","12153771","1617282513","2021-04-01 13:08:33","0x0000000000000000000000000000000000000000","0xfab1ed72a7236a6b34f47ee7ed103d6cd448c441","4840"
"0x86134ca3c58448e2e285fb4e90e21f2eee177e63d1851c0c343036a7a8429042","12153850","1617283595","2021-04-01 13:26:35","0xaf93fcce0548d3124a5fc3045adaf1dde4e8bf7e","0x9b4e3ebe48929c55d3ac7827520041245cd331ee","1358"
"0x86134ca3c58448e2e285fb4e90e21f2eee177e63d1851c0c343036a7a8429042","12153850","1617283595","2021-04-01 13:26:35","0x9b4e3ebe48929c55d3ac7827520041245cd331ee","0xdeadb8d2878effdb9886520ee84b6f26e46eafb4","1358"
"0x6f630174be8c27761865348013e6d9fdf834ead77a1130f5f2f91ad2a70cfd38","12153982","1617285322","2021-04-01 13:55:22","0x7e9ecd6b6e283f3946e3dd85040581d5226f61b6","0x5c1e426ad2dfea720df76d7af2f0645c580295bd","2400"
"0x4a37e0c27c7f80d2202acbf9343b07e841a47fc05126d0e03206003ebeed5a71","12154107","1617286962","2021-04-01 14:22:42","0x0000000000000000000000000000000000000000","0x3572db2e377a4efeca5cbd58a241979c7cdb00ae","4841"
"0x094ab1bd6a061b1207a10f378e265dc24c6a10e33382e05f2071379d910dfd35","12154703","1617294825","2021-04-01 16:33:45","0xbed009822ddc272c28a97cc722bba009ec9b47a4","0x6dc6ef807bf9ac0c595f16a38e32d60afa4a47fa","3572"
"0xb6d1b904b44cd38e01a6c4c5c3cc79f1d5efb908b428e5424167995cbef887c2","12154863","1617296928","2021-04-01 17:08:48","0xdeed78eea3999c5f2ac2f344de9f459a2f0b10c2","0x5c1e426ad2dfea720df76d7af2f0645c580295bd","4129"
"0x68f8c950e26c5e61a0963111c6b3e8edc8bd8f8ac21574f2b3e0e39508822c89","12155776","1617309042","2021-04-01 20:30:42","0x2b3ae0ce46154dfb3c77973c2727d157cc7ee1fb","0xa51dc33f414c09cf0ec213773c8d1f7dbf1235ca","3091"
"0xa31ee28dc027ddde98d4a3f152995f8ded5d6e32b082d0b7a4081be7cc7abcfe","12156508","1617318463","2021-04-01 23:07:43","0x0000000000000000000000000000000000000000","0xa5ede19a0b4c56ed2ffd61211319e605dbd72226","645"
"0x77b409395692de22d50f1a29504658a11f6a51579d1163a8f804b918cb10109e","12156920","1617323768","2021-04-02 00:36:08","0xbfaa874ccd0297ab6c7603b44586381e158797c9","0xbaea104e6a3691bb1279d50faae8f4ce8d544fac","3042"
